102905,Stefan Koubek
102231,Alex Calatrava
102257,Greg Rusedski
101647,Byron Black
102998,Jan Michael Gambill
103714,Andreas Vinciguerra
101532,Francisco Clavet
103188,Michael Russell
103324,Arnaud Di Pasquale
102785,Glenn Weiner
102607,Juan Balcells
102446,Andrei Medvedev
102563,Thomas Johansson
101997,Marzio Martelli
103151,Mariano Zabaleta
103103,Dominik Hrbaty
103344,Ivan Ljubicic
103296,Ivaylo Traykov
103084,Guillermo Canas
103420,Michal Tabara
103181,Jiri Vanek
103182,Markus Hipfl
103598,Xavier Malisse
102223,Karim Alami
101733,Jan Siemerink
103454,Nicolas Massu
102247,Andrea Gaudenzi
101320,Magnus Gustafsson
102344,Karol Kucera
103294,Christophe Rochus
102318,Andrei Pavel
102381,Werner Eschauer
102494,Tomas Behrend
101962,Younes El Aynaoui
102179,Antony Dupuis
103581,Flavio Saretta
102701,Marcelo Rios
102854,Sjeng Schalken
102539,Bohdan Ulihrach
102652,Christian Vinck
102644,Franco Squillari
101885,Wayne Arthurs
102783,Rainer Schuettler
102562,Jiri Novak
102358,Thomas Enqvist
102533,Jens Knippschild
103193,Peter Wessels
104022,Mikhail Youzhny
103171,Raemon Sluiter
101750,Cristiano Caratti
103397,Alexandre Simoni
102987,Andre Sa
103387,Paradorn Srichaphan
101889,Todd Woodbridge
102227,Sargis Sargsian
102965,Jamie Delgado
101611,Cedric Pioline
102925,Justin Gimelstob
103153,Gilles Elseneer
102205,Sebastien Lareau
101150,Gianluca Pozzi
103694,Olivier Rochus
103498,Marat Safin
101965,Wayne Ferreira
102450,Tim Henman
103166,Vladimir Voltchkov
103720,Lleyton Hewitt
101948,Pete Sampras
103356,Michel Kratochvil
102456,Felix Mantilla
102374,Alex Corretja
103292,Gaston Gaudio
103252,Alberto Martin
102839,Nicolas Lapentti
103206,Sebastien Grosjean
102369,Julien Boutter
103507,Juan Carlos Ferrero
103484,James Blake
103270,Kristian Capalik
102269,Jeff Salzenstein
102106,Davide Sanguinetti
102821,Cecil Mamiit
103114,Martin Lee
103888,Mardy Fish
103566,Michael Llodra
102524,Neville Godwin
102202,Kenneth Carlsen
103758,Taylor Dent
210013,Martin Damm Sr
102796,Magnus Norman
102776,Andrew Ilie
102287,Albert Portas
104076,Jose Acasuso
101897,Fernando Meligeni
102860,Agustin Calleri
103990,Tommy Robredo
103178,Johan Settergren
103428,Juan Ignacio Chela
103786,Nikolay Davydenko
102817,Edwin Kempes
102548,Juan Antonio Marin
102911,Andrei Stoliarov
103133,Olivier Mutis
103580,Alexander Peya
102957,Vadim Kutsenko
102831,Jacobo Diaz
102869,Galo Blanco
101843,Sergi Bruguera
102574,Gabriel Trifu
102788,Jan Vacek
101806,Marc Kevin Goellner
102610,Albert Costa
103594,Oliver Marach
103909,Guillermo Coria
103204,Hugo Armando
102338,Yevgeny Kafelnikov
103176,David Sanchez
101820,Marc Rosset
104043,Marc Lopez
102950,Fernando Vicente
102836,Rogier Wassen
102856,Gustavo Kuerten
103096,Arnaud Clement
103487,Federico Luzzi
103900,David Nalbandian
102567,George Bastl
103819,Roger Federer
102800,Nenad Zimonjic
104053,Andy Roddick
102845,Carlos Moya
102143,Nicolas Thomann
102720,Tomas Zib
104082,Hiroki Kondo
103248,Harel Levy
103821,Danai Udomchoke
102809,Axel Pretzsch
102863,Takao Suzuki
102887,Ramon Delgado
101723,Magnus Larsson
102921,Ota Fukarek
102703,Hyung Taik Lee
102694,Lars Burgsmuller
102730,Ivo Heuberger
102669,Noam Behr
102035,Jonas Bjorkman
102021,Michael Chang
102882,Mark Philippoussis
103163,Tommy Haas
102437,Adrian Voinea
103781,Jurgen Melzer
101727,Jason Stoltenberg
102148,Fabrice Santoro
103451,Bjorn Phau
102834,Paul Goldstein
101543,Jeff Tarango
102271,Hicham Arazi
103018,Max Mirnyi
101964,Goran Ivanisevic
102167,Juan Albert Viloca Puig
101991,Mauricio Hadad
103082,Markus Hantschk
102477,Gaston Etlis
101495,Miguel Tobon
103602,Fernando Gonzalez
102715,Ignacio Hirigoyen
102153,German Puentes
102259,Jerome Golmard
102722,Attila Savolt
103898,Julien Benneteau
103174,Noam Okun
103017,Nicolas Kiefer
102162,Chris Woodruff
102434,Vincent Spadea
102401,Scott Draper
104098,Dmitry Tursunov
103184,Bob Bryan
102158,Patrick Rafter
101736,Andre Agassi
102184,David Prinosil
102765,Nicolas Escude
102642,Cyril Saulnier
101774,Todd Martin
101947,Vincenzo Santopadre
102286,Wayne Black
103297,Alex Kim
103185,Mike Bryan
102169,Michael Joyce
103240,Kevin Kim
104068,Robby Ginepri
103709,Kristian Pless
102880,Alexander Popp
101746,Renzo Furlan
102234,Oliver Gross
103656,Albert Montanes
103813,Jarkko Nieminen
104417,Robin Soderling
101735,Richard Fromberg
102135,Emilio Benfele Alvarez
103202,Oscar Serrano
103632,Luis Horna
102770,John Van Lottum
103254,Yves Allegro
102966,Fredrik Jonsson
101792,Slava Dosedel
104196,Carlos Cuadrado
103789,Irakli Labadze
103444,Jean Rene Lisnard
103917,Nicolas Mahut
103305,Daniel Elsner
103852,Feliciano Lopez
102024,Hernan Gumy
103264,Mariano Puerta
102154,Marcos Ondruska
102107,Jan Frode Andersen
102934,Nicolas Coutelot
103672,Ricardo Mello
102768,Federico Browne
102443,Barry Cowan
102110,Daniel Nestor
103157,Arvind Parmar
101902,Stephane Huet
102233,Leander Paes
102855,Jack Brasington
101888,Daniel Vacek
102104,Christian Ruud
102087,Oleg Ogorodov
102466,Jan Kroslak
103105,Ruben Ramirez Hidalgo
101833,Michael Tebbutt
103403,Takahiro Terachi
102263,Yong Il Yoon
101086,Ronald Agenor
101938,Bernardo Mota
102250,Emanuel Couto
102538,Tuomas Ketola
102959,Marko Tkalec
101956,Mark Knowles
103525,Ivan Miranda
102076,Mark Merklein
102843,Suwandi Suwandi
103066,Mark Nielsen
102131,Alistair Hunt
102300,Gouichi Motomura
102772,Yu Zhang
102713,Jing Zhu Yang
102737,Gergely Kisgyorgy
103197,John Doran
103402,Peter Clarke
102469,Solon Peppas
103505,Vasilis Mazarakis
108610,Tsolak Gevorgyan
104215,Andrei Gorban
108612,Sergei Cuptov
108603,Helge Koll Frafjord
108602,Alti Vahkal
102556,Claude Ngoran
104180,Gilles Muller
103877,Mike Scheidweiler
103997,Lukasz Kubot
102100,Bartlomiej Dabrowski
103198,Justin Bower
102756,Eduardo Rincon
101976,Federico Dondo
102544,Pablo Bianchi
103828,Jean Julien Rojer
100754,Rafael Avalos Brenes
108582,Luis Perez Chete
101840,Jacobo Chavez
103638,Jhonson Garcia
103607,Victor Estrella
102655,Jimy Szymanski
103739,Jose De Armas
102812,Jicham Zaatini
102448,Ali Hamadeh
108617,Hussain Al Ashwak
108619,Jad Ayoub
101895,Michael Brown B395
108593,Wing Luen Wong
103050,Shahab Hassani Nafez
101662,Selvam Veerasingam
108623,Rabi Bouhassoun
108622,Samir Saadeldin
103529,Aisam Ul Haq Qureshi
104499,Jimmy Wang
104229,Yen Hsun Lu
103201,Adrian Garcia
104014,Lee Childs
102382,Julian Knowle
104339,Mario Ancic
102077,Alexander Shvec
102433,Mose Navarra
102668,Tapio Nurminen
103593,Marcelo Barboza
108628,Jhonnatan Medina Alvarez
103659,Wei Jen Cheng
108631,Wen Lung Chang
103273,Dong Hyun Kim
103590,Michael Quintero
104268,Alejandro Falla
102830,Paulo Carvallo
108615,Genaro Deleon
108596,Ramin Raziyani
103600,Mohammad Ghareeb
103499,Aqeel Khan
108588,Asim Shafik
108637,Nomi Qamar
102868,Jonathan Printzlau
103077,Konstantinos Economidis
103053,Nikos Rovas
102444,Scott Barron
101855,Emmanuel Heussner
103583,Evghenii Plugariov
101831,Mustafa Azkara
102331,Ilou Lonfo
103568,Valentin Sanon
108607,Andrei Luzgin
104386,Janko Tipsarevic
103287,Krystian Pfeiffer
103225,Simon Larose
103060,Alejandro Hernandez
102780,Frederic Niemeyer
103544,Andy Ram
102192,Luis Adrian Morejon
103835,Filippo Volandri
103421,Peter Handoyo
103337,Ben Qiang Zhu
102061,Kevin Ullyett
101970,Iztok Bozic
103285,Radek Stepanek
103319,Jeff Morrison
103908,Paul Henri Mathieu
102968,Jonathan Erlich
103408,Brian Vahaly
102306,Michael Kohlmann
102902,Thomas Blake
103165,Gorka Fraile
103280,Martin Verkerk
102473,Thomas Schiessling
103970,David Ferrer
102565,Alexander Waske
103007,Mounir El Aarej
102999,Stefano Galvani
104755,Richard Gasquet
102851,Giorgio Galimberti
104433,Frank Dancevic
102201,Lionel Roux
101990,Richard Krajicek
104166,Alex Bogomolov Jr
103318,Zeljko Krajan
103837,Didac Perez
104026,Joachim Johansson
103912,Mario Radic
103812,Victor Hanescu
104269,Fernando Verdasco
102967,Marc Gicquel
102571,Gregory Carraz
103395,Julio Silva
103063,Sebastien De Chaunac
103145,Amir Hadad
102497,Mashiska Washington
103971,Karol Beck
101868,Dick Norman
104745,Rafael Nadal
103003,Jean Francois Bachelot
103242,Juan Giner
103333,Ivo Karlovic
102615,Dennis Van Scheppingen
103413,Genius Chidzikwe
103824,Orest Tereshchuk
103936,Todor Enev
101957,Milen Velev
101989,Patrik Langvardt
102725,Kasper Warming
108640,Mik Ledvonova
103899,Stian Boretti
103864,Mohamed Mamoun
102942,Vladimir Pavicevic
102811,Dusan Vemic
107098,Gilles Kremer
104175,Matija Zgaga
104138,Henry Adjei Darko
103468,Harsh Mankad
103817,Yu Jr Wang
104348,Dias Doskarayev
103612,Alexey Kedryuk
108647,Anton Tsymbalov
108648,Michael Mora
103427,Yew Ming Si
103746,Miguel Gallardo Valles
103998,Mario Monroy
102740,Francisco Rodriguez
103205,Emilio Daniel Baez Britez
104027,Pablo Gonzalez
104421,Martin Vilarrubi
104395,Marcel Felder
108656,Simon Shen
102617,Kim Tiilikainen
103829,Cristian Paiz
103905,Ricardo Chile Fonte
102320,Lazaro Navarro Batles
108651,Sandor Martinez Breijo
108658,Yanquiel Medina Sobrino
108594,Johnny Arcilla
108597,Adelo Abadia
103102,John Hui
104299,Hiu Tung Yu
102928,Hee Seok Chung
103504,Febi Widhiyanto
108644,Patrick Chucri
198661,Luis Felipe Noriega
103220,Oh Hee Kwon
103033,Helder Lopes
104260,Johny De Leon
104008,Carlos Avellan
108664,Martin Stiegwardt
104000,Andrey Dernovskiy
102969,Sergei Yaroshenko
104557,Andis Juska
102362,Amro Ghoneim
103472,Karim Maamoun
103142,Mohamed Wafa
103573,Rik De Voest
103325,Wesley Moodie
103645,Balazs Veress
102802,Gunther Darkey
108667,Kwasi Ahenkora
117349,F Egyir
104051,Andrej Kracman
103693,Thierry Ascione
104259,Philipp Kohlschreiber
104379,Todd Reid
104372,Alex Bogdanovic
103429,Peter Luczak
104589,Chris Guccione
103530,Zack Fleishman
103104,Bjorn Rehnquist
104527,Stan Wawrinka
103169,Oscar Hernandez
104495,Florin Mergea
102886,Frantisek Cermak
103948,Maximilian Abel
103626,Tomas Tenconi
104597,Nicolas Almagro
103478,Diego Veronelli
102667,Satoshi Iwabuchi
103470,Robert Kendrick
103230,Tasuku Iwami
104019,Kristof Vliegen
104332,Philipp Petzschner
103799,Eric Prodon
102558,Eric Taino
103047,Julien Varlet
103373,Sergio Roitman
104330,Rajeev Ram
104250,Prakash Amritraj
104025,Amer Delic
102910,Salvador Navarro
104117,Giovanni Lapentti
104214,Igor Andreev
104182,Sasa Tuksar
103250,Rodolphe Cadart
102997,Hermes Gamonal
103228,Marcos Daniel
103737,Edgardo Massa
103385,Paul Baccanello
104607,Tomas Berdych
102464,Todd Larkham
102512,Joseph Sirianni
103154,Jaymon Crabb
103009,Razvan Sabau
103118,Ion Moldovan
108672,William Lock
103523,Rohan Bopanna
103483,James Shortall
102873,Rob Cheyne
103460,Konstantin Don Gruber
104496,Luis Manuel Flores
103020,Guillermo Carter
104658,Gustavo Ramirez
108678,Eddy Gonzalez Gonzalez
103803,Ashkan Shokoofi
103875,Anoosha Shahgholi
101810,Asif Ismail
108680,Sergey Makashin
103830,Shao Xuan Zeng
104046,Bostjan Osabnik
103226,Walid Jallali
104233,Frederik Nielsen
103986,Radoslav Lukaev
104592,Ilija Bozoljac
108600,Sean Cooper
108889,Marc Vilanova
103407,Matt Klinger
103455,Michal Mertinak
108657,Alexander Skrypko
102267,Gwinyai Tongoona
104136,Santiago Gonzalez
108679,Jose Bernard
104251,Ti Chen
104081,Boris Pashanski
108675,Iphton Louis
102055,Bertrand Madsen
103586,Mariusz Fyrstenberg
103923,Radoslaw Nijaki
103690,Marcin Matkowski
104580,Haithem Abid
104842,Salifu Mohammed
103125,Joan Jimenez Guerra
108894,Pau Gerbaud Farras
103514,Young Jun Kim
103065,Kepler Orellana
108903,Laurent Hild
108646,Joseph Victorino
103699,Fred Hemmes
104230,Daniel Koellerer
103535,Olivier Patience
103730,Jonathan Marray
103339,Wesley Whitehouse
103913,Ian Flanagan
103808,Potito Starace
104252,Florian Mayer
104548,Brian Baker
104338,Juan Monaco
103490,Santiago Ventura
104312,Andreas Seppi
103393,Yuri Schukin
103506,Martin Vassallo Arguello
104371,Ivo Minar
104676,Andreas Beck
103843,Marco Chiudinelli
103592,Jerome Haehnel
104198,Guillermo Garcia Lopez
103722,Florent Serra
104792,Gael Monfils
104542,Jo-Wilfried Tsonga
103700,Juan Pablo Guzman
104195,Simone Vagnozzi
103401,Jan Hernych
103761,Tomas Cakl
103534,Nicolas Devilder
103527,Julien Jeanpierre
103560,Kj Hippensteel
104453,Michael Ryderstedt
103857,Igor Kunitsyn
104383,Diogo Rocha
103663,Matias Boeker
103110,Daniele Bracciali
103754,Mark Hilton
101924,Stefano Pescosolido
104571,Marcos Baghdatis
103565,Stephane Robert
104294,Hao Lu
104925,Novak Djokovic
104273,Edouard Roger Vasselin
103369,Melle Van Gemerden
105259,Andrei Karatchenia
104011,Lefteris Alexiou
104154,Paul Capdeville
104698,Diego Cubas
104738,Caio Zampieri
104342,Matias Silva
104474,Leonardo Kirche
103921,Sonchat Ratiwatana
103920,Sanchai Ratiwatana
103439,Dimitri Mazur
104454,Murad Inoyatov
104036,Simon Rea
104479,Sarvar Ikramov
108344,Tai Wei Liu
103865,Prima Simpatiaji
103035,Alessio Di Mauro
103666,Ilia Kushev
104378,Yordan Kanev
104311,Leonardo Tavares
104291,Malek Jaziri
104523,Frederico Gil
103229,Kornel Bardoczky
104585,Gyorgy Balazs
103770,Kevin Sorensen
104086,Mikhail Filima
104467,Lamine Ouahab
103963,Filip Urban
103419,Gabriel Montilla
108916,Ricardo Gonzalez Diaz
104210,Ryan Russell
103727,Daniel Langre
104655,Pablo Cuevas
104826,Federico Sansonetti
108919,Michael Ray Pallares Gonzalez
103682,Kyu Tae Im
104478,Hyun Woo Nam
108922,Will Farah Lebar
104501,Xin Yuan Yu
108645,Musaad Al Jazzaf
104753,Woong Sun Jun
108924,Jing Yi Li
103937,Irakli Ushangishvili
104609,Omar Hedayet
104162,Deniss Pavlovs
106886,Dmitro Tolok
108915,Luis Haddock
102496,Scott Willinsky
104863,Olivier Sajous
108928,Saeid Ahmadvand
104591,Patrick Tierro
104181,Victor Ionita
103823,Denis Gremelmayr
104918,Andy Murray
103503,Robin Vik
104468,Gilles Simon
103849,Francesco Aldi
103582,Michael Berrer
104056,Roko Karanusic
104812,Scoville Jenkins
104209,Rainer Eitzinger
104660,Sergiy Stakhovsky
103516,Nathan Healey
104035,Bobby Reynolds
103032,Francisco Fogues
104559,Teymuraz Gabashvili
104160,Lukas Dlouhy
103716,Uros Vico
104360,Adam Chadaj
104167,Todd Widom
104261,Peng Sun
103559,David Sherwood
103967,Michael Lammer
103868,Ivan Navarro
104224,Travis Rettenmaier
103175,Toshihide Matsui
103510,Rob Steckley
103826,Carlos Palencia
103316,Victor Romero
105273,Mauricio Echazu
103029,Mehdi Tahiri
104534,Dudi Sela
104797,Denis Istomin
104736,Farrukh Dustov
104424,Go Soeda
104569,Lado Chikhladze
104247,Sebo Kiss
102696,Guillaume Couillard
104875,Denes Lukacs
104869,Sergei Bubka
102630,Slimane Saoudi
104813,Grega Zemlja
104305,Luka Gregorc
104582,Rok Jarc
104349,Rui Machado
104112,Benjamin Balleret
104308,Michal Przysiezny
103891,Alexandros Jakupovic
103946,Bruno Soares
104618,Devin Mullings
104976,Ryan Sweeting
108942,Henry Estrella
108941,Damar Johnson
110685,Gd Jones
104895,Abdullah Maqdas
104702,Michael Leong
108945,Juan Sebastian Langton
104928,Sun Yong Kim Jr
104561,Jae Sung An
104907,Jose Rubin Statham
108618,Karim Alayli
103794,Benjamin Becker
104783,Mikhail Ledovskikh
104999,Mischa Zverev
105227,Marin Cilic
103752,Simon Greul
105023,Sam Querrey
103999,Thiago Alves
105095,Evgeny Korolev
105217,Thiemo De Bakker
104926,Fabio Fognini
104890,Andreas Haider Maurer
105223,Juan Martin del Potro
103701,Diego Hartfield
103675,Diego Junqueira
104225,Jan Hajek
104851,Gianluca Naso
104678,Viktor Troicki
103424,Tobias Clemens
103538,James Auckland
104122,Carlos Berlocq
103747,Dominik Meffert
103521,Andrea Stoppini
103894,Phillip King
104760,Scott Oudsema
104001,Brian Wilson
104173,Sam Warburg
104593,Daniel Gimeno Traver
104505,Konstantin Kravchuk
103702,Stefano Ianni
104871,Jeremy Chardy
102985,Gustavo Marcaccio
103657,Ivo Klec
103726,Jean Christophe Faurel
104477,Jorge Aguilar
102904,Leos Friedl
104010,Dieter Kindlmann
104515,Mathieu Montcourt
104007,Andre Ghem
104171,Richard Bloomfield
105208,Ernests Gulbis
104003,Victor Crivoi
105041,Lukas Lacko
104898,Robin Haase
104179,Bruno Echagaray
108950,Juan Andres Gomez
105229,Philip Bester
104700,Daniel Vallverdu
103286,Yohny Romero
104887,Piero Luisi
103820,Alan Mackin
103978,Rabie Chaki
108953,Juan Lorenzo Gonzalez
108952,Jose Roberto Velasco
105053,Santiago Giraldo
104113,Carlos Salamanca
104712,Israel Morales
108956,Jesus Francisco Felix
104368,Daniel King Turner
104463,Dmitriy Makeyev
108947,West Nott
108960,Michael Lai
105009,Elbert Sie
108964,Faisal Aidil
104040,Adam Thompson
108925,Ahmad Rabeea Muhammad
108973,Carl Sundberg
103668,Lazar Magdincev
104234,Predrag Rusevski
104476,Louk Sorensen
104882,Blaz Kavcic
103860,Timo Nieminen
102033,Abdelhak Hameurlaine
108682,Stephen Nugent
104789,Sherif Sabry
104292,Izak Van Der Merwe
104695,Fritz Wolmarans
104217,Simon Stadler
105194,Nick Lindahl
104897,Matthias Bachinger
104978,Daniel Brands
104121,Tobias Summerer
104864,Alex Kuznetsov
104779,Jamie Baker
104327,Steve Darcis
104397,Laurent Recouderc
104979,Andrey Golubev
105385,Donald Young
104545,John Isner
103553,Alun Jones
104620,Simone Bolelli
105453,Kei Nishikori
105373,Martin Klizan
104639,Wayne Odesnik
103893,Paolo Lorenzi
104665,Pablo Andujar
104004,Filip Prpic
105137,Pere Riba
105028,Jesse Levine
103976,Juan Pablo Brzezicki
104262,Flavio Cipolla
104707,Denis Matsukevitch
104227,Augustin Gensse
104719,Marcel Granollers
104635,Robert Smeets
104816,Karan Rastogi
104942,Roman Recarte
105166,Peter Polansky
104200,Juan Manuel Elizondo
104535,Daniel Garza
105216,Yuichi Sugita
104992,Syrym Abdukhalikov
105155,Pedro Sousa
105671,Gastao Elias
104965,Pavol Cervenak
104619,Jesse Huta Galung
104673,Julio Cesar Campozano
105081,Jean Michel Durango
104763,Rafael Arevalo
105497,Jose Hernandez
108930,Juan Carlos Ramirez
108939,Rasid Winklaar
108978,Nick Van Rosberg
108927,Edgar Hernandez Perez
108979,Benito Jose Suriano
104236,Rouzbeh Kamran
104063,Mait Kunnap
104140,Dawid Olejniczak
104775,Adam Kellner
108685,Frederick Sletting Johnsen
104768,Juho Paukku
105122,Karlis Lejnieks
105085,Artem Smirnov
104323,Photos Kallias
103735,Lovro Zovko
104219,Stephane Bohli
104717,Brendan Evans
104731,Kevin Anderson
104914,Ervin Eleskovic
104314,Brian Dabul
104724,Eduardo Schwank
104919,Leonardo Mayer
104586,Lukas Rosol
103763,Martin Slanar
104579,Romain Jouan
105173,Adrian Mannarino
104721,Josselin Ouanna
104500,Somdev Devvarman
104628,Alexander Kudryavtsev
105062,Mikhail Kukushkin
103448,Gabriel Trujillo Soler
104216,Maximo Gonzalez
103435,Massimo Dellacqua
105311,Joao Sousa
103543,David Marrero
105064,Thomaz Bellucci
104091,Miguel Angel Lopez Jaen
103850,Sebastian Decoud
105052,Chris Eaton
104281,Ryler Deheart
103862,Michail Elgin
105992,Ryan Harrison
105032,Sam Groth
103238,Jean Claude Scherrer
104149,Adrian Cruciat
104823,Bruno Rodriguez
105394,Ilija Martinoski
104810,Zhe Li
108688,Martin Sayer
105464,Christopher Rungkat
108693,Romano Tatuhey
105111,Ivan Endara
105002,Timothy Neilly
104952,Martin Pedersen
104059,Rasmus Norby
105079,Ivan Sergeyev
103851,Conor Niland
105074,Ruben Bemelmans
104583,Filip Polasek
105668,Jerzy Janowicz
105590,Uladzimir Ignatik
101979,Ricardo Mena
105339,Yan Bai
105177,Aditya Hari Sasongko
104402,Clement Morel
104352,Colin Obrien
105011,Illya Marchenko
105573,Henri Kontinen
105149,Reda El Amrani
105386,Janez Semrajc
108691,Khalid Al Nabhani
108692,Mohammed Al Nabhani
104996,Alexander Blom
105221,Mauricio Doria Medina
104800,Mauricio Estivariz
104958,Carsten Ball
104947,Marsel Ilhan
104471,Ivan Dodig
105099,Antonio Veic
105777,Grigor Dimitrov
105098,Alexandre Sidorenko
104095,David Guez
104071,Raven Klaasen
104392,Franco Ferreiro
105558,Guillaume Rufin
104070,Jesse Witten
104547,Horacio Zeballos
105723,Andrey Kuznetsov
105238,Alexandr Dolgopolov
106071,Bernard Tomic
105454,Brydan Klein
104868,James Ward
104624,Joshua Goodall
105657,Marius Copil
108701,Juan Sebastian Cabal
105456,Sergio Galdos
104896,Bruno Agostinelli
105738,Tsung Hua Yang
103872,Dimitar Grabuloski
105781,Andrei Vasilevski
103630,Martijn Van Haasteren
105912,Diego Galeano
105471,Cesar Ramirez
105488,Jose Benitez
108717,Francis Casey Alcantara
108909,Jalil Khan
104600,Treat Conrad Huey
104908,Mikal Oliver Statham
105575,Ricardas Berankis
106024,Dovydas Sakinis
103882,Adrians Zguns
108720,Eddy Chala
104910,Tihomir Grozdanov
105967,Henri Laaksonen
105585,Ze Zhang
105001,Mao Xin Gong
105226,Attila Balazs
105430,Radu Albot
104067,Goran Tosic
105499,Christopher Diaz Figueroa
108713,Julen Uriguen
108728,Cheuk Wai Hui
106664,Brian Hung
108962,Razlan Rawi
105147,Tatsuma Ito
106026,Yuki Bhambri
105051,Matthew Ebden
104460,Dustin Brown
105154,Joao Souza
104948,Petar Jelenic
104997,Igor Sijsling
104963,Yannick Mertens
105842,Di Wu
105431,Ariel Behar
103531,Thomas Oger
105132,Jurgen Zopp
104901,Vladimir Ivanov
104945,James Mcgee
104489,Barry King
105827,Laurynas Grigelis
104909,Sunu Wahyu Trijati
105812,David Agung Susanto
105060,Aldin Setkic
104191,Ismar Gorcic
105379,Aljaz Bedene
108742,Siu Fai Kelvin Lam
108715,Nicolas Salama
105625,Alvaro Raposo De Oliveira
104631,Harshana Godamanna
105402,Peerakiat Siriluethaiwattana
105579,Kittipong Wachiramanowong
104594,Marinko Matosevic
105077,Albert Ramos
105936,Filip Krajinovic
104249,Marcelo Melo
103926,Daniel Munoz de la Nava
104714,Julian Reister
104735,Tobias Kamke
104770,Martin Fischer
106045,Denis Kudla
105036,Hyun Joon Kim
105790,Yong Kyu Lim
105148,Hsin Han Lee
105656,Marcelo Arevalo
108744,Rodrigo Rappaccioli
106198,Hugo Dellien
104934,Thomas Kromann
105408,Soren Wedege
105442,Sebastien Vidal
108961,Abd Hazli Bin Zainuddin
108747,Dineshkanthan Thangarajah
106000,Damir Dzumhur
104949,Weerapat Doakmaiklee
108746,Austen Childs
105367,Daniel Alejandro Lopez Cassaccia
105641,Blaz Rola
105961,David Souto
105015,Franko Skugor
104967,Alexander Sadecky
105065,Tim Smyczek
105332,Benoit Paire
105683,Milos Raonic
106158,Suk Young Jeong
105030,Michael Venus
104494,Adrian Ungur
105539,Evgeny Donskoy
105676,David Goffin
104677,Artem Sitak
104804,Amir Weintraub
105152,Marcin Gawron
105004,Dimitar Kutrovsky
105012,Alexander Bury
105916,Marton Fucsovics
108980,Luis Delgado
105145,Jaak Poldma
104146,Jonathan Chu
105566,Shahin Khaledan
105681,Soong Jae Cho
105201,Marc Abdulnour
105935,Duilio Beretta
105541,Alex Llompart
105583,Dusan Lajovic
105318,Thomas Schoorel
105270,Maxime Teixeira
105894,Javier Marti
103676,Michael Yani
105428,Marcus Daniell
105577,Vasek Pospisil
104297,Rogerio Dutra Silva
106220,Dimitar Kuzmanov
104377,Theodoros Angelinos
108770,Nicholas Sayer
105773,Bruno Abdel Nour
103043,Coenie Van Wyk
104839,Yassine Idmbarek
105830,Hicham Khaddari
108764,Chris Brandi
108768,Gabriel Flores Ruiz
108767,Gonzales Austin
104850,Jonathan Dasnieres De Veigy
105128,Guillermo Olaso
105643,Federico Delbonis
105649,Cedrik Marcel Stebe
104226,Bastian Knittel
105930,Daniel Kosakowski
104661,Pierre Ludovic Duclos
106058,Jack Sock
105066,Grzegorz Panfil
106150,Jeson Patrombon
104415,Colin Fleming
105254,Nikola Mektic
105561,Alessandro Giannessi
104633,Mathieu Rodrigues
104023,Nicolas Renavand
104681,Sebastian Rieschick
106233,Dominic Thiem
104857,Robert Farah
105902,James Duckworth
105554,Daniel Evans
104856,Min Hyoek Cho
105946,Liang Chi Huang
105899,Martin Cuevas
105985,Darian King
104656,Haydn Lewis
105299,Dzmitry Zhyrmont
104803,Younes Rachidi
105156,Federico Zeballos
106232,Roberto Cid
105747,Karim Mohamed Maamoun
105909,Sam Barry
105688,Manuel Sanchez
108776,Vimuktha De Alwis
104920,Denys Molchanov
105334,Luis David Martinez
106175,Ricardo Rodriguez
104858,Enrique Olivares
105255,Bassam Beidas
105487,Facundo Bagnis
105874,Albano Olivetti
105138,Roberto Bautista Agut
105434,Ruan Roelofse
108784,Kevin Kung
108783,Daniel Llarenas
107552,Laurent Bram
105182,Antso Rakotondramanga
106201,Maxim Dubarenco
106309,Wisnu Adi Nugroho
106169,Vladyslav Manafov
105300,Sergio Gutierrez Ferrol
105438,Inigo Cervantes Huegun
106207,Mate Pavic
104932,Kenny De Schepper
105477,Marco Trungelliti
105449,Steve Johnson
104667,Philipp Oswald
105404,Michael Mcclune
105614,Bradley Klahn
106261,Dennis Novikov
104986,Vishnu Vardhan
105072,Sanam Singh
105877,Emilio Gomez
105933,Roberto Quiroz
104256,Clement Reix
104672,Vincent Millot
105655,Hiroki Moriya
105113,Patrik Rosenholm
105357,John Millman
105633,Mohamed Safwat
105286,Greg Jones
106227,Ji Sung Nam
106034,Yasutaka Uchiyama
105630,Tomislav Ternar
111167,Ugo Nastasi
106100,Micke Kontinen
105349,Harri Heliovaara
111181,Pruchya Isarow
108748,Lukas Mugevicius
104960,Miguel Angel Reyes Varela
125571,Christian Garay
106410,Jorge Brian Panta Herreros
104604,Ruben Gonzales
105372,Issam Al Tawil
106350,Andre Gaspar Murta
104516,Arnau Brugues Davi
106426,Cristian Garin
104970,Matteo Viola
104651,Martin Alund
105550,Guido Pella
106043,Diego Schwartzman
105733,Rhyne Williams
105436,Markus Eriksson
105278,Alexis Klegou
117365,Petros Chrysochos
122047,Luciano Ramazzini
106078,Egor Gerasimov
125781,Rogelio Siller
105239,Daniel Glancy
105807,Pablo Carreno Busta
106298,Lucas Pouille
106401,Nick Kyrgios
105806,Mirza Basic
106378,Kyle Edmund
105526,Jan Lennard Struff
105472,Nils Langer
106328,Christian Harrison
106290,Filip Peliwo
105376,Peter Gojowczyk
105707,Nicolaas Scholtz
105413,Andrej Martin
109520,Herkko Pollanen
105271,Gonzalo Escobar
111575,Karen Khachanov
103708,Jaroslav Pospisil
105080,Miloslav Mecir Jr
105732,Pierre Hugues Herbert
106368,Ramkumar Ramanathan
106210,Jiri Vesely
106423,Thanasi Kokkinakis
144773,Jose Olivares
124063,Santiago Maresca
105031,Saketh Myneni
106393,Frederico Ferreira Silva
106174,Gonzalo Lama
109737,Markos Kalovelonis
111426,John Morrissey
111453,Mikael Torpegaard
134302,Mantas Bugailiskis
134677,Juan Borba
106033,Romain Arneodo
106121,Taro Daniel
106397,Wishaya Trongcharoenchaikul
106194,Nutthanon Kadchapanan
106392,Thien Nguyen Hoang
144775,Linh Giang Trinh
105292,Alejandro Gonzalez
126209,Peter Bertran
106432,Borna Coric
105613,Norbert Gombos
106387,Mazen Osama
108749,Sergis Kyratzis
109336,Ayoub Chakrouni
104283,Minh Quan Do
108786,Seanon Williams
106136,Warit Sornbutnark
104873,Aleksandr Nedovyesov
106148,Roberto Carballes Baena
118053,Ognian Kolev
106243,Mate Delic
106186,Jason Kubler
110748,Nikola Milojevic
105678,Axel Michon
105047,Tim Puetz
106291,Luke Saville
105302,Ante Pavic
111200,Elias Ymer
105872,Christian Lindell
105952,Renzo Olivo
105572,Austin Krajicek
106053,Philip Davydenko
105161,Yann Marti
100644,Alexander Zverev
126094,Andrey Rublev
111202,Hyeon Chung
122687,Rodrigo Senattore
105853,Tigre Hank
123983,Nerman Fatic
108766,Samir Iftikhar
105934,Chuhan Wang
105932,Nikoloz Basilashvili
111797,Nicolas Jarry
105589,Gerald Melzer
111577,Jared Donaldson
104563,Luca Vanni
106415,Yoshihito Nishioka
106032,Facundo Arguello
105819,Guido Andreozzi
105070,Hans Podlipnik Castillo
121896,Gabor Borsos
106342,Martins Podzus
105586,Alexandar Lazov
108780,Lofo Ramiaramanana
106249,Joao Domingues
105490,Jui Chen Hung
106237,Chieh Fu Wang
117356,Cem Ilkel
105493,Tomislav Brkic
111761,Benjamin Lock
103902,Jan Mertl
105963,Arthur De Greef
106390,Matteo Donati
105917,Gianni Mina
105063,Andrea Arnaboldi
126203,Taylor Fritz
106281,Liam Broady
105441,John Patrick Smith
120792,M Abid Ali Khan Akbar
126473,Aljaz Radinski
106247,Nik Razborsek
111805,Seong Chan Hong
200272,Jean Jacques Rakotohasy
200274,Alex Diaz
120401,Tucker Vorster
134886,Sharmal Dissanayake
200273,Hady Habib
105626,Takanyi Garanganga
105820,Juan Carlos Saez
105954,Peter Nagy
106293,Kimmer Coppejans
123755,Daniel Elahi Galan
105512,Alexander Sarkissian
105269,Marcelo Demoliner
105826,Alejandro Gomez Gb42
104629,Adrian Menendez Maceiras
105542,Bastian Trinker
144719,Jaume Munar
110602,Dennis Novak
126207,Frances Tiafoe
122321,Marat Deviatiarov
111190,Zhizhen Zhang
106234,Aslan Karatsev
200537,Nicolas Xiviller
105341,Thomas Fabbiano
105881,Matthew Barton
111442,Jordan Thompson
111460,Quentin Halys
117357,Omar Jasika
111511,Noah Rubin
106329,Thiago Monteiro
122548,Edan Leshem
200247,Alexandar Lazarov
125802,Ilya Ivashka
144841,Christian Sigsgaard
144813,Benjamin Hannestad
126340,Viktor Durasovic
134770,Casper Ruud
106412,Lucas Gomez
120798,Hans Hach Verdugo
108739,Wilfredo Gonzalez
108761,Mikelis Libietis
200031,Lucas Catarina
144799,Miguel Angel Este
200619,Sebastian Arcila
200620,Ignacio Garcia
144750,Lloyd Harris
108741,Mohd Assri Merzuki
122669,Juan Pablo Varillas
122533,Nam Hoang Ly
128034,Hubert Hurkacz
106065,Marco Cecchinato
106075,Jozef Kovalik
106216,Bjorn Fratangelo
126205,Tommy Paul
106361,Adam Pavlasek
106288,Mathias Bourgue
111578,Stefan Kozlov
106421,Daniil Medvedev
124014,Ernesto Escobedo
105650,Marcus Willis
144797,Carl Soderlund
123921,Calvin Hemery
144923,Louis Wessels
106044,Nicolas Kicker
104235,Matwe Middelkoop
106138,Yaraslav Shyla
126190,Nicolas Alvarez
106137,Tristan Lamasine
105677,Nikola Cacic
105731,Steven Diez
133430,Denis Shapovalov
124187,Reilly Opelka
105596,Jan Satral
134120,Kuan Yi Lee
106167,Joris De Loore
111794,Kamil Majchrzak
134472,Antoine Bellier
106225,Andrew Whittington
122330,Alexander Bublik
144707,Mikael Ymer
200282,Alex De Minaur
144642,Tomas Barrios Vera
105467,Jordi Munoz Abreu
137018,Ayed Zatar
200621,Bruno Britez
123965,Rodrigo Banzer
106106,George Tsivadze
202165,Alberto Lim
127143,Jirat Navasirisomboon
126526,Soren Hess Olesen
202382,Simen Sunde Bratholm
106085,Hamid Reza Nadaf
106035,Isak Arvidsson
123795,Altug Celikbilek
138846,Hong Kit Jack Wong
105943,Federico Gaio
200059,Yibing Wu
122078,Dmitry Popko
105432,Prajnesh Gunneswaran
106381,Temur Ismailov
200416,August Holmgren
111513,Laslo Djere
106420,Gianluigi Quinzi
144760,Amine Ahouda
105870,Yannick Hanfmann
126127,Benjamin Bonzi
109303,Stefano Napolitano
127157,Daniel Altmaier
111815,Cameron Norrie
124116,Sebastian Ofner
117361,Akira Santillan
111153,Christopher Eubanks
105163,Gleb Sakharov
105181,Miljan Zekic
105960,Evan King
105815,Tennys Sandgren
106283,Mitchell Krueger
105882,Stefano Travaglia
105634,Viktor Galovic
120424,Yannick Maden
126774,Stefanos Tsitsipas
111581,Michael Mmoh
126610,Matteo Berrettini
106120,Ricardo Ojeda Lara
111456,Mackenzie Mcdonald
109739,Maximilian Marterer
132283,Lorenzo Sonego
105578,Cristian Rodriguez
106252,Joao Pedro Sorgi
200436,Zsombor Piros
144817,Marc Andrea Huesler
106353,Pedja Krstin
126502,Luis Diego Chavez Villalpando
126174,Youssef Hossam
127570,Rodrigo Arus
138845,Anthony Jackie Tang
134217,Skyler Butts
126530,Peter Bothwell
133975,Benjamin Hassan
202358,Chun Hsin Tseng
200460,John Bryan Decasa Otico
106250,Luis Patino
126613,Bogdan Borza
200325,Emil Ruusuvuori
124126,Sarp Agabigun
126535,Carlos Taberner
144895,Corentin Moutet
134868,Tallon Griekspoor
106105,Guilherme Clezar
200000,Felix Auger Aliassime
200095,Nicola Kuhn
200075,Yshai Oliel
126939,Khumoun Sultanov
208029,Holger Rune
126204,Gerardo Lopez Villasenor
207415,Daniel Michalski
106021,Dragos Dima
202210,Edris Fetisleam
207139,Palaphoom Kovapitukted
208028,Francisco Llanes
106072,Alexey Vatutin
126523,Bernabe Zapata Miralles
105948,Federico Coria
106110,Filip Horansky
106109,Alex Bolt
200484,Rudolf Molleker
126652,Jay Clarke
105359,Jason Jung
106177,Oriol Roca Batalla
109054,Daniel Masur
106218,Marcos Giron
136440,Dominik Koepfer
200005,Ugo Humbert
127300,Jurabek Karimov
133297,Yosuke Watanuki
111197,Jonathan Mridha
106005,Constant Lestienne
106099,Salvatore Caruso
106214,Oscar Otte
200615,Alexei Popyrin
200175,Miomir Kecmanovic
106228,Juan Ignacio Londero
106398,Pedro Cachin
126156,Antoine Hoang
111790,Brayden Schnur
106296,Gregoire Barrere
205734,Thiago Seyboth Wild
206173,Jannik Sinner
200221,Alejandro Davidovich Fokina
200611,Elliot Benchetrit
105906,Kevin Krawietz
126120,Nino Serdarusic
126952,Soon Woo Kwon
110536,Kevin King
126237,Gian Marco Moroni
117360,Marc Polmans
117353,Duck Hee Lee
202385,Jenson Brooksby
200553,Alen Avidzba
126149,Gianluca Mager
201995,Cayetano March
122109,Sanjar Fayziev
207797,Jonas Forejtek
105757,Sandro Ehrat
208055,Ajeet Rai
144650,Rhett Purcell
209188,Ari Fahresi
126555,Tung Lin Wu
106223,Aleksandre Metreveli
202262,Filip Cristian Jianu
202475,Philip Henning
200390,Kacper Zuk
124079,Pedro Martinez
126214,Alejandro Tabilo
105406,Roberto Marcora
206909,Brandon Nakashima
207989,Carlos Alcaraz
202195,Maxime Cressy
200670,J J Wolf
106331,Christopher Oconnell
111576,Sumit Nagal
207518,Lorenzo Musetti
200514,Jurij Rodionov
105841,Lorenzo Giustino
200384,Hugo Gaston
200624,Sebastian Korda
105905,Danilo Petrovic
126504,Andrea Pellegrino
126128,Roman Safiullin
127339,Borna Gojo
126609,Patrik Niklas Salminen
202261,Otto Virtanen
206716,Lukas Hellum Lilleengen
131951,Daniel Cukierman
110686,Finn Tearney
200574,Alexander Donski
209080,Blaise Bicknell
144932,Kristjan Tamm
206750,Daniil Glinka
209870,Gunawan Trismuwantara
207669,Robert Strombachs
125842,Adam Moundir
209119,Aissa Benchakroun
209226,Adolfo Daniel Vallejo
209225,Martin Antonio Vergara Del Puerto
202065,Petros Tsitsipas
209874,Maks Kasnikowski
208518,Hazem Naw
200267,Zizou Bergs